{"cameraMode":{"drawMode":0,"name":"Shaded","section":"Shading Mode"},"sceneLighting":false,"audioPlay":false,"sceneViewState":{"showFog":true,"showMaterialUpdate":false,"showSkybox":true,"showFlares":true,"showImageEffects":true,"showParticleSystems":true},"in2DMode":false,"pivot":{"x":0.05094916746020317,"y":-4.339578628540039,"z":-17.220983505249025},"rotation":{"x":-0.0001258462289115414,"y":-0.9900315999984741,"z":0.1408427357673645,"w":-0.0008852440514601767},"size":21.807811737060548,"orthographic":false}