{"cameraMode":{"drawMode":0,"name":"Shaded","section":"Shading Mode"},"sceneLighting":true,"audioPlay":false,"sceneViewState":{"showFog":false,"showMaterialUpdate":false,"showSkybox":false,"showFlares":false,"showImageEffects":false,"showParticleSystems":true},"in2DMode":false,"pivot":{"x":3.555318593978882,"y":3.8104166984558107,"z":-4.500181674957275},"rotation":{"x":-0.2554095685482025,"y":0.28750258684158327,"z":-0.07984749227762222,"w":-0.9196372032165527},"size":0.20779186487197877,"orthographic":false}