{"cameraMode":{"drawMode":0,"name":"Shaded","section":"Shading Mode"},"sceneLighting":false,"audioPlay":false,"sceneViewState":{"showFog":false,"showMaterialUpdate":false,"showSkybox":false,"showFlares":false,"showImageEffects":false,"showParticleSystems":true},"in2DMode":false,"pivot":{"x":-12.353456497192383,"y":15.835060119628907,"z":-24.172840118408204},"rotation":{"x":0.25145840644836428,"y":0.19267027080059052,"z":-0.05115463212132454,"w":0.9471167325973511},"size":3.1856768131256105,"orthographic":false}