{"cameraMode":{"drawMode":0,"name":"Shaded","section":"Shading Mode"},"sceneLighting":false,"audioPlay":false,"sceneViewState":{"showFog":false,"showMaterialUpdate":false,"showSkybox":false,"showFlares":false,"showImageEffects":false,"showParticleSystems":true},"in2DMode":false,"pivot":{"x":-14.762776374816895,"y":5.030004024505615,"z":20.619022369384767},"rotation":{"x":0.06919032335281372,"y":0.33390486240386965,"z":0.024584384635090829,"w":-0.9397425055503845},"size":23.334529876708986,"orthographic":false}