{"cameraMode":{"drawMode":0,"name":"Shaded","section":"Shading Mode"},"sceneLighting":true,"audioPlay":false,"sceneViewState":{"showFog":false,"showMaterialUpdate":false,"showSkybox":false,"showFlares":false,"showImageEffects":false,"showParticleSystems":true},"in2DMode":false,"pivot":{"x":34.72298049926758,"y":14.417805671691895,"z":6.7750091552734379},"rotation":{"x":-0.13806582987308503,"y":0.7327687740325928,"z":-0.15618441998958589,"w":-0.6477609872817993},"size":1.1867072582244874,"orthographic":false}