{"cameraMode":{"drawMode":0,"name":"Shaded","section":"Shading Mode"},"sceneLighting":false,"audioPlay":false,"sceneViewState":{"showFog":false,"showMaterialUpdate":false,"showSkybox":false,"showFlares":false,"showImageEffects":false,"showParticleSystems":true},"in2DMode":false,"pivot":{"x":229.3647003173828,"y":177.6742706298828,"z":248.7321319580078},"rotation":{"x":-0.09881829470396042,"y":0.8915522694587708,"z":-0.23556293547153474,"w":-0.37400490045547488},"size":3.354710340499878,"orthographic":false}